from	to
include/tig/apps.h	include/tig/argv.h
include/tig/apps.h	include/tig/tig.h
include/tig/apps.h	include/tig/util.h
include/tig/argv.h	include/tig/tig.h
include/tig/blame.h	include/tig/view.h
include/tig/blob.h	include/tig/view.h
include/tig/diff.h	include/tig/view.h
include/tig/display.h	include/tig/keys.h
include/tig/display.h	include/tig/tig.h
include/tig/draw.h	include/tig/line.h
include/tig/draw.h	include/tig/refdb.h
include/tig/draw.h	include/tig/tig.h
include/tig/draw.h	include/tig/util.h
include/tig/draw.h	include/tig/view.h
include/tig/graph.h	include/tig/types.h
include/tig/grep.h	include/tig/view.h
include/tig/help.h	include/tig/view.h
include/tig/io.h	include/tig/tig.h
include/tig/keys.h	include/tig/request.h
include/tig/keys.h	include/tig/tig.h
include/tig/keys.h	include/tig/util.h
include/tig/line.h	include/tig/tig.h
include/tig/log.h	include/tig/view.h
include/tig/main.h	include/tig/graph.h
include/tig/main.h	include/tig/util.h
include/tig/main.h	include/tig/view.h
include/tig/map.h	include/tig/tig.h
include/tig/options.h	include/tig/line.h
include/tig/options.h	include/tig/tig.h
include/tig/options.h	include/tig/util.h
include/tig/pager.h	include/tig/view.h
include/tig/parse.h	include/tig/tig.h
include/tig/parse.h	include/tig/util.h
include/tig/prompt.h	include/tig/keys.h
include/tig/prompt.h	include/tig/tig.h
include/tig/refdb.h	include/tig/tig.h
include/tig/refdb.h	include/tig/types.h
include/tig/refdb.h	include/tig/util.h
include/tig/reflog.h	include/tig/view.h
include/tig/refs.h	include/tig/view.h
include/tig/repo.h	include/tig/tig.h
include/tig/request.h	include/tig/tig.h
include/tig/search.h	include/tig/view.h
include/tig/stage.h	include/tig/view.h
include/tig/stash.h	include/tig/view.h
include/tig/status.h	include/tig/line.h
include/tig/status.h	include/tig/view.h
include/tig/string.h	include/tig/tig.h
include/tig/tig.h	include/tig/string.h
include/tig/tree.h	include/tig/view.h
include/tig/types.h	include/tig/tig.h
include/tig/util.h	include/tig/tig.h
include/tig/util.h	include/tig/types.h
include/tig/view.h	include/tig/argv.h
include/tig/view.h	include/tig/io.h
include/tig/view.h	include/tig/keys.h
include/tig/view.h	include/tig/line.h
include/tig/view.h	include/tig/options.h
include/tig/view.h	include/tig/tig.h
include/tig/view.h	include/tig/types.h
include/tig/view.h	include/tig/watch.h
include/tig/watch.h	include/tig/tig.h
include/tig/watch.h	include/tig/types.h
src/apps.c	include/tig/apps.h
src/apps.c	include/tig/io.h
src/apps.c	include/tig/tig.h
src/argv.c	include/tig/argv.h
src/argv.c	include/tig/options.h
src/argv.c	include/tig/prompt.h
src/argv.c	include/tig/repo.h
src/argv.c	include/tig/tig.h
src/blame.c	include/tig/blame.h
src/blame.c	include/tig/diff.h
src/blame.c	include/tig/display.h
src/blame.c	include/tig/draw.h
src/blame.c	include/tig/git.h
src/blame.c	include/tig/io.h
src/blame.c	include/tig/main.h
src/blame.c	include/tig/options.h
src/blame.c	include/tig/parse.h
src/blame.c	include/tig/refdb.h
src/blame.c	include/tig/repo.h
src/blame.c	include/tig/view.h
src/blob.c	include/tig/blob.h
src/blob.c	include/tig/display.h
src/blob.c	include/tig/draw.h
src/blob.c	include/tig/pager.h
src/blob.c	include/tig/parse.h
src/blob.c	include/tig/refdb.h
src/blob.c	include/tig/repo.h
src/blob.c	include/tig/tree.h
src/blob.c	include/tig/ui.h
src/diff.c	include/tig/apps.h
src/diff.c	include/tig/argv.h
src/diff.c	include/tig/diff.h
src/diff.c	include/tig/display.h
src/diff.c	include/tig/draw.h
src/diff.c	include/tig/options.h
src/diff.c	include/tig/pager.h
src/diff.c	include/tig/parse.h
src/diff.c	include/tig/refdb.h
src/diff.c	include/tig/repo.h
src/display.c	include/tig/argv.h
src/display.c	include/tig/display.h
src/display.c	include/tig/draw.h
src/display.c	include/tig/io.h
src/display.c	include/tig/options.h
src/display.c	include/tig/repo.h
src/display.c	include/tig/tig.h
src/display.c	include/tig/view.h
src/display.c	include/tig/watch.h
src/draw.c	include/tig/display.h
src/draw.c	include/tig/draw.h
src/draw.c	include/tig/graph.h
src/draw.c	include/tig/options.h
src/draw.c	include/tig/tig.h
src/graph-v1.c	include/tig/graph.h
src/graph-v1.c	include/tig/tig.h
src/graph-v1.c	include/tig/util.h
src/graph-v2.c	include/tig/graph.h
src/graph-v2.c	include/tig/tig.h
src/graph-v2.c	include/tig/util.h
src/graph.c	include/tig/graph.h
src/graph.c	include/tig/tig.h
src/grep.c	include/tig/blob.h
src/grep.c	include/tig/display.h
src/grep.c	include/tig/draw.h
src/grep.c	include/tig/grep.h
src/grep.c	include/tig/options.h
src/grep.c	include/tig/parse.h
src/grep.c	include/tig/prompt.h
src/grep.c	include/tig/refdb.h
src/grep.c	include/tig/repo.h
src/help.c	include/tig/argv.h
src/help.c	include/tig/draw.h
src/help.c	include/tig/help.h
src/help.c	include/tig/prompt.h
src/help.c	include/tig/search.h
src/help.c	include/tig/view.h
src/io.c	include/tig/io.h
src/io.c	include/tig/tig.h
src/io.c	include/tig/util.h
src/keys.c	include/tig/argv.h
src/keys.c	include/tig/io.h
src/keys.c	include/tig/keys.h
src/keys.c	include/tig/tig.h
src/keys.c	include/tig/types.h
src/line.c	include/tig/line.h
src/line.c	include/tig/refdb.h
src/line.c	include/tig/tig.h
src/line.c	include/tig/types.h
src/line.c	include/tig/util.h
src/log.c	include/tig/diff.h
src/log.c	include/tig/display.h
src/log.c	include/tig/draw.h
src/log.c	include/tig/log.h
src/log.c	include/tig/pager.h
src/log.c	include/tig/refdb.h
src/main.c	include/tig/diff.h
src/main.c	include/tig/display.h
src/main.c	include/tig/draw.h
src/main.c	include/tig/git.h
src/main.c	include/tig/graph.h
src/main.c	include/tig/main.h
src/main.c	include/tig/options.h
src/main.c	include/tig/parse.h
src/main.c	include/tig/repo.h
src/main.c	include/tig/search.h
src/main.c	include/tig/stage.h
src/main.c	include/tig/status.h
src/main.c	include/tig/view.h
src/main.c	include/tig/watch.h
src/map.c	include/tig/map.h
src/map.c	include/tig/tig.h
src/options.c	include/tig/argv.h
src/options.c	include/tig/io.h
src/options.c	include/tig/keys.h
src/options.c	include/tig/line.h
src/options.c	include/tig/options.h
src/options.c	include/tig/refdb.h
src/options.c	include/tig/repo.h
src/options.c	include/tig/request.h
src/options.c	include/tig/tig.h
src/options.c	include/tig/types.h
src/options.c	include/tig/view.h
src/pager.c	include/tig/diff.h
src/pager.c	include/tig/display.h
src/pager.c	include/tig/draw.h
src/pager.c	include/tig/keys.h
src/pager.c	include/tig/line.h
src/pager.c	include/tig/options.h
src/pager.c	include/tig/pager.h
src/pager.c	include/tig/request.h
src/pager.c	include/tig/tig.h
src/pager.c	include/tig/view.h
src/pager.c	include/tig/watch.h
src/parse.c	include/tig/map.h
src/parse.c	include/tig/parse.h
src/parse.c	include/tig/tig.h
src/prompt.c	include/tig/display.h
src/prompt.c	include/tig/draw.h
src/prompt.c	include/tig/options.h
src/prompt.c	include/tig/pager.h
src/prompt.c	include/tig/prompt.h
src/prompt.c	include/tig/repo.h
src/prompt.c	include/tig/tig.h
src/prompt.c	include/tig/types.h
src/prompt.c	include/tig/view.h
src/refdb.c	include/tig/argv.h
src/refdb.c	include/tig/io.h
src/refdb.c	include/tig/map.h
src/refdb.c	include/tig/options.h
src/refdb.c	include/tig/refdb.h
src/refdb.c	include/tig/repo.h
src/refdb.c	include/tig/tig.h
src/refdb.c	include/tig/watch.h
src/reflog.c	include/tig/display.h
src/reflog.c	include/tig/draw.h
src/reflog.c	include/tig/git.h
src/reflog.c	include/tig/main.h
src/reflog.c	include/tig/reflog.h
src/refs.c	include/tig/display.h
src/refs.c	include/tig/draw.h
src/refs.c	include/tig/git.h
src/refs.c	include/tig/io.h
src/refs.c	include/tig/main.h
src/refs.c	include/tig/options.h
src/refs.c	include/tig/parse.h
src/refs.c	include/tig/refs.h
src/refs.c	include/tig/view.h
src/repo.c	include/tig/git.h
src/repo.c	include/tig/io.h
src/repo.c	include/tig/refdb.h
src/repo.c	include/tig/repo.h
src/repo.c	include/tig/tig.h
src/request.c	include/tig/request.h
src/request.c	include/tig/tig.h
src/request.c	include/tig/types.h
src/search.c	include/tig/display.h
src/search.c	include/tig/draw.h
src/search.c	include/tig/graph.h
src/search.c	include/tig/main.h
src/search.c	include/tig/prompt.h
src/search.c	include/tig/search.h
src/stage.c	include/tig/argv.h
src/stage.c	include/tig/diff.h
src/stage.c	include/tig/display.h
src/stage.c	include/tig/draw.h
src/stage.c	include/tig/git.h
src/stage.c	include/tig/main.h
src/stage.c	include/tig/options.h
src/stage.c	include/tig/pager.h
src/stage.c	include/tig/parse.h
src/stage.c	include/tig/prompt.h
src/stage.c	include/tig/repo.h
src/stage.c	include/tig/search.h
src/stage.c	include/tig/stage.h
src/stage.c	include/tig/status.h
src/stage.c	include/tig/view.h
src/stash.c	include/tig/diff.h
src/stash.c	include/tig/display.h
src/stash.c	include/tig/draw.h
src/stash.c	include/tig/main.h
src/stash.c	include/tig/repo.h
src/stash.c	include/tig/stash.h
src/status.c	include/tig/argv.h
src/status.c	include/tig/display.h
src/status.c	include/tig/draw.h
src/status.c	include/tig/git.h
src/status.c	include/tig/io.h
src/status.c	include/tig/main.h
src/status.c	include/tig/options.h
src/status.c	include/tig/parse.h
src/status.c	include/tig/prompt.h
src/status.c	include/tig/refdb.h
src/status.c	include/tig/repo.h
src/status.c	include/tig/search.h
src/status.c	include/tig/stage.h
src/status.c	include/tig/status.h
src/status.c	include/tig/view.h
src/status.c	include/tig/watch.h
src/string.c	include/tig/string.h
src/string.c	include/tig/tig.h
src/tig.c	include/tig/argv.h
src/tig.c	include/tig/blame.h
src/tig.c	include/tig/blob.h
src/tig.c	include/tig/diff.h
src/tig.c	include/tig/display.h
src/tig.c	include/tig/draw.h
src/tig.c	include/tig/git.h
src/tig.c	include/tig/graph.h
src/tig.c	include/tig/grep.h
src/tig.c	include/tig/help.h
src/tig.c	include/tig/io.h
src/tig.c	include/tig/keys.h
src/tig.c	include/tig/line.h
src/tig.c	include/tig/log.h
src/tig.c	include/tig/main.h
src/tig.c	include/tig/options.h
src/tig.c	include/tig/pager.h
src/tig.c	include/tig/parse.h
src/tig.c	include/tig/prompt.h
src/tig.c	include/tig/refdb.h
src/tig.c	include/tig/reflog.h
src/tig.c	include/tig/refs.h
src/tig.c	include/tig/repo.h
src/tig.c	include/tig/request.h
src/tig.c	include/tig/search.h
src/tig.c	include/tig/stage.h
src/tig.c	include/tig/stash.h
src/tig.c	include/tig/status.h
src/tig.c	include/tig/tig.h
src/tig.c	include/tig/tree.h
src/tig.c	include/tig/types.h
src/tig.c	include/tig/util.h
src/tig.c	include/tig/view.h
src/tig.c	include/tig/watch.h
src/tree.c	include/tig/blob.h
src/tree.c	include/tig/display.h
src/tree.c	include/tig/draw.h
src/tree.c	include/tig/io.h
src/tree.c	include/tig/options.h
src/tree.c	include/tig/parse.h
src/tree.c	include/tig/repo.h
src/tree.c	include/tig/tree.h
src/tree.c	include/tig/util.h
src/tree.c	include/tig/view.h
src/types.c	include/tig/tig.h
src/types.c	include/tig/types.h
src/ui.c	include/tig/display.h
src/ui.c	include/tig/parse.h
src/ui.c	include/tig/prompt.h
src/ui.c	include/tig/repo.h
src/ui.c	include/tig/ui.h
src/ui.c	include/tig/util.h
src/ui.c	include/tig/view.h
src/util.c	include/tig/tig.h
src/util.c	include/tig/util.h
src/view.c	include/tig/argv.h
src/view.c	include/tig/blame.h
src/view.c	include/tig/blob.h
src/view.c	include/tig/diff.h
src/view.c	include/tig/display.h
src/view.c	include/tig/draw.h
src/view.c	include/tig/grep.h
src/view.c	include/tig/help.h
src/view.c	include/tig/log.h
src/view.c	include/tig/main.h
src/view.c	include/tig/options.h
src/view.c	include/tig/pager.h
src/view.c	include/tig/reflog.h
src/view.c	include/tig/refs.h
src/view.c	include/tig/repo.h
src/view.c	include/tig/search.h
src/view.c	include/tig/stage.h
src/view.c	include/tig/stash.h
src/view.c	include/tig/status.h
src/view.c	include/tig/tig.h
src/view.c	include/tig/tree.h
src/view.c	include/tig/view.h
src/view.c	include/tig/watch.h
src/watch.c	include/tig/io.h
src/watch.c	include/tig/options.h
src/watch.c	include/tig/refdb.h
src/watch.c	include/tig/repo.h
src/watch.c	include/tig/tig.h
src/watch.c	include/tig/watch.h
